{
  "timestamp": "2025-10-18T14:56:28.127Z",
  "totalFindings": 17,
  "findings": [
    {
      "file": "C:\\Users\\Administrator\\Desktop\\bthwani_git\\backend-nest\\.env",
      "line": 15,
      "type": "MongoDB Connection",
      "match": "mongodb+srv://bthwan... [REDACTED]",
      "description": "MongoDB connection string with credentials"
    },
    {
      "file": "C:\\Users\\Administrator\\Desktop\\bthwani_git\\backend-nest\\.env",
      "line": 18,
      "type": "Generic Secret",
      "match": "SECRET=\"3e3e2953fe98... [REDACTED]",
      "description": "Potential secret detected"
    },
    {
      "file": "C:\\Users\\Administrator\\Desktop\\bthwani_git\\backend-nest\\.env",
      "line": 32,
      "type": "Private Key",
      "match": "-----BEGIN PRIVATE K... [REDACTED]",
      "description": "Private key detected"
    },
    {
      "file": "C:\\Users\\Administrator\\Desktop\\bthwani_git\\backend-nest\\.env",
      "line": 32,
      "type": "Firebase Private Key",
      "match": "FIREBASE_PRIVATE_KEY... [REDACTED]",
      "description": "Firebase private key reference"
    },
    {
      "file": "C:\\Users\\Administrator\\Desktop\\bthwani_git\\backend-nest\\src\\config\\env.validation.ts",
      "line": 52,
      "type": "Firebase Private Key",
      "match": "FIREBASE_PRIVATE_KEY... [REDACTED]",
      "description": "Firebase private key reference"
    },
    {
      "file": "C:\\Users\\Administrator\\Desktop\\bthwani_git\\backend-nest\\src\\config\\env.validation.ts",
      "line": 53,
      "type": "Firebase Private Key",
      "match": "FIREBASE_PRIVATE_KEY... [REDACTED]",
      "description": "Firebase private key reference"
    },
    {
      "file": "C:\\Users\\Administrator\\Desktop\\bthwani_git\\backend-nest\\src\\config\\firebase.config.ts",
      "line": 6,
      "type": "Firebase Private Key",
      "match": "FIREBASE_PRIVATE_KEY... [REDACTED]",
      "description": "Firebase private key reference"
    },
    {
      "file": "C:\\Users\\Administrator\\Desktop\\bthwani_git\\backend-nest\\src\\main.ts",
      "line": 90,
      "type": "Firebase Private Key",
      "match": "FIREBASE_PRIVATE_KEY... [REDACTED]",
      "description": "Firebase private key reference"
    },
    {
      "file": "C:\\Users\\Administrator\\Desktop\\bthwani_git\\backend-nest\\test\\contract-tests.e2e-spec.ts",
      "line": 74,
      "type": "Password",
      "match": "password: 'Test@1234... [REDACTED]",
      "description": "Hardcoded password detected"
    },
    {
      "file": "C:\\Users\\Administrator\\Desktop\\bthwani_git\\backend-nest\\test\\order.e2e-spec.ts",
      "line": 33,
      "type": "Password",
      "match": "password: 'Test@1234... [REDACTED]",
      "description": "Hardcoded password detected"
    },
    {
      "file": "C:\\Users\\Administrator\\Desktop\\bthwani_git\\backend-nest\\test\\wallet.e2e-spec.ts",
      "line": 33,
      "type": "Password",
      "match": "password: 'Test@1234... [REDACTED]",
      "description": "Hardcoded password detected"
    },
    {
      "file": "C:\\Users\\Administrator\\Desktop\\bthwani_git\\backend-nest\\tools\\audit\\openapi-export.ts",
      "line": 23,
      "type": "Generic Secret",
      "match": "SECRET = 'dummy-jwt-... [REDACTED]",
      "description": "Potential secret detected"
    },
    {
      "file": "C:\\Users\\Administrator\\Desktop\\bthwani_git\\backend-nest\\tools\\audit\\openapi-export.ts",
      "line": 25,
      "type": "Generic Secret",
      "match": "SECRET = 'dummy-vend... [REDACTED]",
      "description": "Potential secret detected"
    },
    {
      "file": "C:\\Users\\Administrator\\Desktop\\bthwani_git\\backend-nest\\tools\\audit\\openapi-export.ts",
      "line": 26,
      "type": "Generic Secret",
      "match": "SECRET = 'dummy-mark... [REDACTED]",
      "description": "Potential secret detected"
    },
    {
      "file": "C:\\Users\\Administrator\\Desktop\\bthwani_git\\backend-nest\\tools\\audit\\openapi-export.ts",
      "line": 27,
      "type": "Generic Secret",
      "match": "SECRET = 'dummy-refr... [REDACTED]",
      "description": "Potential secret detected"
    },
    {
      "file": "C:\\Users\\Administrator\\Desktop\\bthwani_git\\backend-nest\\tools\\audit\\openapi-export.ts",
      "line": 30,
      "type": "Firebase Private Key",
      "match": "FIREBASE_PRIVATE_KEY... [REDACTED]",
      "description": "Firebase private key reference"
    },
    {
      "file": "C:\\Users\\Administrator\\Desktop\\bthwani_git\\backend-nest\\tools\\audit\\openapi-export.ts",
      "line": 34,
      "type": "Password",
      "match": "PASSWORD = 'dummy-pa... [REDACTED]",
      "description": "Hardcoded password detected"
    }
  ],
  "status": "FAIL",
  "recommendations": [
    "⚠️  IMMEDIATE ACTIONS REQUIRED:",
    "1. Revoke and rotate all exposed credentials immediately",
    "2. Move secrets to environment variables or HashiCorp Vault",
    "3. Update .gitignore to exclude sensitive files",
    "4. Add pre-commit hooks to prevent future commits with secrets",
    "5. Review git history and consider using BFG Repo-Cleaner if secrets were committed",
    "",
    "📚 Resources:",
    "   - Vault documentation: https://www.vaultproject.io/docs",
    "   - Git-secrets: https://github.com/awslabs/git-secrets",
    "   - Gitleaks: https://github.com/gitleaks/gitleaks"
  ]
}